{"cameraMode":{"drawMode":0,"name":"Shaded","section":"Shading Mode"},"sceneLighting":false,"audioPlay":false,"sceneViewState":{"showFog":false,"showMaterialUpdate":true,"showSkybox":true,"showFlares":true,"showImageEffects":true,"showParticleSystems":true},"in2DMode":false,"pivot":{"x":329.0416564941406,"y":14.127548217773438,"z":155.8428955078125},"rotation":{"x":-0.2104588747024536,"y":0.7307188510894775,"z":-0.2582361698150635,"w":-0.5959964990615845},"size":264.40667724609377,"orthographic":false}