{"cameraMode":{"drawMode":0,"name":"Shaded","section":"Shading Mode"},"sceneLighting":false,"audioPlay":false,"sceneViewState":{"showFog":false,"showMaterialUpdate":true,"showSkybox":true,"showFlares":true,"showImageEffects":true,"showParticleSystems":true},"in2DMode":false,"pivot":{"x":327.24462890625,"y":-1.176666259765625,"z":346.8265075683594},"rotation":{"x":-0.29727694392204287,"y":-0.1650252491235733,"z":0.05221087485551834,"w":-0.9389969110488892},"size":90.95269012451172,"orthographic":false}