{"cameraMode":{"drawMode":0,"name":"Shaded","section":"Shading Mode"},"sceneLighting":false,"audioPlay":false,"sceneViewState":{"showFog":false,"showMaterialUpdate":true,"showSkybox":true,"showFlares":true,"showImageEffects":true,"showParticleSystems":true},"in2DMode":false,"pivot":{"x":1085.44189453125,"y":167.95916748046876,"z":-197.6837158203125},"rotation":{"x":-0.17932943999767304,"y":0.07932089269161225,"z":-0.014505374245345593,"w":-0.980490505695343},"size":1731.1982421875,"orthographic":false}