{"cameraMode":{"drawMode":0,"name":"Shaded","section":"Shading Mode"},"sceneLighting":true,"audioPlay":false,"sceneViewState":{"showFog":true,"showMaterialUpdate":false,"showSkybox":true,"showFlares":true,"showImageEffects":true,"showParticleSystems":true},"in2DMode":false,"pivot":{"x":232.67169189453126,"y":159.675537109375,"z":-32.863037109375},"rotation":{"x":0.1481732726097107,"y":0.03410688787698746,"z":-0.00511213717982173,"w":0.988364040851593},"size":383.5339050292969,"orthographic":false}