{"cameraMode":{"drawMode":0,"name":"Shaded","section":"Shading Mode"},"sceneLighting":false,"audioPlay":false,"sceneViewState":{"showFog":false,"showMaterialUpdate":true,"showSkybox":false,"showFlares":true,"showImageEffects":true,"showParticleSystems":true},"in2DMode":false,"pivot":{"x":-0.3395997881889343,"y":0.005578748881816864,"z":0.02577875554561615},"rotation":{"x":-0.28995150327682497,"y":0.2647607922554016,"z":-0.0838259756565094,"w":-0.9158802628517151},"size":4.401670932769775,"orthographic":false}