{"cameraMode":{"drawMode":0,"name":"Shaded","section":"Shading Mode"},"sceneLighting":false,"audioPlay":false,"sceneViewState":{"showFog":false,"showMaterialUpdate":true,"showSkybox":true,"showFlares":true,"showImageEffects":true,"showParticleSystems":true},"in2DMode":false,"pivot":{"x":339.5771179199219,"y":-53.29594421386719,"z":217.0380859375},"rotation":{"x":-0.17932943999767304,"y":0.07932089269161225,"z":-0.014505374245345593,"w":-0.980490505695343},"size":174.70550537109376,"orthographic":false}