{"cameraMode":{"drawMode":0,"name":"Shaded","section":"Shading Mode"},"sceneLighting":false,"audioPlay":false,"sceneViewState":{"showFog":false,"showMaterialUpdate":true,"showSkybox":true,"showFlares":true,"showImageEffects":true,"showParticleSystems":true},"in2DMode":false,"pivot":{"x":231.0505828857422,"y":29.461219787597658,"z":-194.96141052246095},"rotation":{"x":0.0738229751586914,"y":0.21078944206237794,"z":-0.015966957435011865,"w":0.9746103286743164},"size":90.72003173828125,"orthographic":false}