{"cameraMode":{"drawMode":0,"name":"Shaded","section":"Shading Mode"},"sceneLighting":false,"audioPlay":false,"sceneViewState":{"showFog":false,"showMaterialUpdate":true,"showSkybox":true,"showFlares":true,"showImageEffects":true,"showParticleSystems":true},"in2DMode":false,"pivot":{"x":340.3408203125,"y":-226.38148498535157,"z":130.58120727539063},"rotation":{"x":-0.6247380971908569,"y":0.1300356239080429,"z":-0.10653768479824066,"w":-0.7625285387039185},"size":239.0772247314453,"orthographic":false}