{"cameraMode":{"drawMode":0,"name":"Shaded","section":"Shading Mode"},"sceneLighting":false,"audioPlay":false,"sceneViewState":{"showFog":false,"showMaterialUpdate":true,"showSkybox":false,"showFlares":true,"showImageEffects":true,"showParticleSystems":true},"in2DMode":false,"pivot":{"x":-4.090015411376953,"y":3.0942091941833498,"z":4.994640350341797},"rotation":{"x":0.15060867369174958,"y":0.8299018144607544,"z":-0.26815763115882876,"w":0.4656331241130829},"size":30.243162155151368,"orthographic":false}