{"cameraMode":{"drawMode":0,"name":"Shaded","section":"Shading Mode"},"sceneLighting":false,"audioPlay":false,"sceneViewState":{"showFog":false,"showMaterialUpdate":true,"showSkybox":false,"showFlares":true,"showImageEffects":true,"showParticleSystems":true},"in2DMode":false,"pivot":{"x":0.2858724594116211,"y":6.389596939086914,"z":-0.16141319274902345},"rotation":{"x":0.09722261875867844,"y":-0.8659976720809937,"z":0.1853928565979004,"w":0.45413368940353396},"size":28.912477493286134,"orthographic":false}