{"cameraMode":{"drawMode":0,"name":"Shaded","section":"Shading Mode"},"sceneLighting":false,"audioPlay":false,"sceneViewState":{"showFog":false,"showMaterialUpdate":true,"showSkybox":true,"showFlares":true,"showImageEffects":true,"showParticleSystems":true},"in2DMode":false,"pivot":{"x":361.8680419921875,"y":12.596260070800782,"z":-90.7043685913086},"rotation":{"x":0.09722261875867844,"y":-0.8659976720809937,"z":0.1853928565979004,"w":0.45413368940353396},"size":258.2419128417969,"orthographic":false}