{"cameraMode":{"drawMode":0,"name":"Shaded","section":"Shading Mode"},"sceneLighting":false,"audioPlay":false,"sceneViewState":{"showFog":false,"showMaterialUpdate":true,"showSkybox":false,"showFlares":true,"showImageEffects":true,"showParticleSystems":true},"in2DMode":false,"pivot":{"x":2.980232238769531e-7,"y":0.5000005960464478,"z":0.01854342222213745},"rotation":{"x":-0.3132825493812561,"y":-0.6850221157073975,"z":0.4338148534297943,"w":-0.4944840669631958},"size":4.5938215255737309,"orthographic":false}