{"cameraMode":{"drawMode":0,"name":"Shaded","section":"Shading Mode"},"sceneLighting":false,"audioPlay":false,"sceneViewState":{"showFog":false,"showMaterialUpdate":true,"showSkybox":true,"showFlares":true,"showImageEffects":true,"showParticleSystems":true},"in2DMode":false,"pivot":{"x":249.14894104003907,"y":2.852402925491333,"z":-294.8670654296875},"rotation":{"x":-0.19853228330612184,"y":0.2629784643650055,"z":-0.05539156496524811,"w":-0.9425321221351624},"size":111.67425537109375,"orthographic":false}