{"cameraMode":{"drawMode":0,"name":"Shaded","section":"Shading Mode"},"sceneLighting":false,"audioPlay":false,"sceneViewState":{"showFog":false,"showMaterialUpdate":true,"showSkybox":true,"showFlares":true,"showImageEffects":true,"showParticleSystems":true},"in2DMode":false,"pivot":{"x":186.40771484375,"y":-70.95023345947266,"z":-146.61793518066407},"rotation":{"x":0.20918801426887513,"y":-0.18789027631282807,"z":0.040991734713315967,"w":0.9587998390197754},"size":513.1395263671875,"orthographic":false}