{"cameraMode":{"drawMode":0,"name":"Shaded","section":"Shading Mode"},"sceneLighting":false,"audioPlay":false,"sceneViewState":{"showFog":false,"showMaterialUpdate":true,"showSkybox":true,"showFlares":true,"showImageEffects":true,"showParticleSystems":true},"in2DMode":false,"pivot":{"x":367.1046447753906,"y":-85.8665771484375,"z":315.40576171875},"rotation":{"x":-0.320634663105011,"y":0.000859249325003475,"z":-0.00029093638295307755,"w":-0.9472082853317261},"size":432.9899597167969,"orthographic":false}