{"cameraMode":{"drawMode":0,"name":"Shaded","section":"Shading Mode"},"sceneLighting":false,"audioPlay":false,"sceneViewState":{"showFog":false,"showMaterialUpdate":true,"showSkybox":false,"showFlares":true,"showImageEffects":true,"showParticleSystems":true},"in2DMode":false,"pivot":{"x":-33.53800964355469,"y":-38.664955139160159,"z":50.56207275390625},"rotation":{"x":0.18127574026584626,"y":-0.48510268330574038,"z":0.10355209559202194,"w":0.8491944074630737},"size":56.91236877441406,"orthographic":false}