{"cameraMode":{"drawMode":0,"name":"Shaded","section":"Shading Mode"},"sceneLighting":false,"audioPlay":false,"sceneViewState":{"showFog":false,"showMaterialUpdate":true,"showSkybox":true,"showFlares":true,"showImageEffects":true,"showParticleSystems":true},"in2DMode":false,"pivot":{"x":277.1043395996094,"y":5.888574600219727,"z":348.0143737792969},"rotation":{"x":0.034043360501527789,"y":-0.8431772589683533,"z":0.05367540195584297,"w":0.533950686454773},"size":77.0593490600586,"orthographic":false}