{"cameraMode":{"drawMode":0,"name":"Shaded","section":"Shading Mode"},"sceneLighting":false,"audioPlay":false,"sceneViewState":{"showFog":false,"showMaterialUpdate":true,"showSkybox":false,"showFlares":true,"showImageEffects":true,"showParticleSystems":true},"in2DMode":false,"pivot":{"x":262.9717712402344,"y":362.49969482421877,"z":0.11500000208616257},"rotation":{"x":0.2277095466852188,"y":0.05655115097761154,"z":-0.013165188953280449,"w":0.9720574021339417},"size":319.5434265136719,"orthographic":false}