{"cameraMode":{"drawMode":0,"name":"Shaded","section":"Shading Mode"},"sceneLighting":false,"audioPlay":false,"sceneViewState":{"showFog":false,"showMaterialUpdate":true,"showSkybox":true,"showFlares":true,"showImageEffects":true,"showParticleSystems":true},"in2DMode":false,"pivot":{"x":409.3343505859375,"y":-38.674713134765628,"z":94.47593688964844},"rotation":{"x":0.36064285039901736,"y":0.1665572077035904,"z":-0.06563688814640045,"w":0.9153785109519959},"size":355.35870361328127,"orthographic":false}