{"cameraMode":{"drawMode":0,"name":"Shaded","section":"Shading Mode"},"sceneLighting":false,"audioPlay":false,"sceneViewState":{"showFog":false,"showMaterialUpdate":true,"showSkybox":false,"showFlares":true,"showImageEffects":true,"showParticleSystems":true},"in2DMode":false,"pivot":{"x":343.9999694824219,"y":157.99998474121095,"z":0.3500000238418579},"rotation":{"x":0.0944080799818039,"y":0.10925501585006714,"z":-0.010277368128299714,"w":0.9895392656326294},"size":2666.7529296875,"orthographic":false}