{"cameraMode":{"drawMode":0,"name":"Shaded","section":"Shading Mode"},"sceneLighting":false,"audioPlay":false,"sceneViewState":{"showFog":false,"showMaterialUpdate":true,"showSkybox":true,"showFlares":true,"showImageEffects":true,"showParticleSystems":true},"in2DMode":false,"pivot":{"x":270.9219055175781,"y":-289.39959716796877,"z":536.7869262695313},"rotation":{"x":-0.4645934998989105,"y":0.16483370959758759,"z":-0.08847859501838684,"w":-0.8655968904495239},"size":362.95355224609377,"orthographic":false}