{"cameraMode":{"drawMode":0,"name":"Shaded","section":"Shading Mode"},"sceneLighting":false,"audioPlay":false,"sceneViewState":{"showFog":false,"showMaterialUpdate":true,"showSkybox":true,"showFlares":true,"showImageEffects":true,"showParticleSystems":true},"in2DMode":false,"pivot":{"x":317.5733337402344,"y":-113.61148071289063,"z":664.611328125},"rotation":{"x":-0.17951896786689759,"y":0.03460082411766052,"z":-0.006315758917480707,"w":-0.9831783771514893},"size":339.2574768066406,"orthographic":false}