{"cameraMode":{"drawMode":0,"name":"Shaded","section":"Shading Mode"},"sceneLighting":false,"audioPlay":false,"sceneViewState":{"showFog":false,"showMaterialUpdate":true,"showSkybox":true,"showFlares":true,"showImageEffects":true,"showParticleSystems":true},"in2DMode":false,"pivot":{"x":342.1957702636719,"y":-1.322892665863037,"z":363.7303771972656},"rotation":{"x":0.19896568357944489,"y":0.19858747720718385,"z":-0.04119894653558731,"w":0.9588407874107361},"size":10.512236595153809,"orthographic":false}