{"cameraMode":{"drawMode":0,"name":"Shaded","section":"Shading Mode"},"sceneLighting":false,"audioPlay":false,"sceneViewState":{"showFog":false,"showMaterialUpdate":true,"showSkybox":false,"showFlares":true,"showImageEffects":true,"showParticleSystems":true},"in2DMode":false,"pivot":{"x":-0.04900886118412018,"y":-0.8411805033683777,"z":4.87631893157959},"rotation":{"x":0.1232868880033493,"y":-0.7896038889884949,"z":0.16884110867977143,"w":0.5770214796066284},"size":4.530303001403809,"orthographic":false}