{"cameraMode":{"drawMode":0,"name":"Shaded","section":"Shading Mode"},"sceneLighting":false,"audioPlay":false,"sceneViewState":{"showFog":false,"showMaterialUpdate":true,"showSkybox":true,"showFlares":true,"showImageEffects":true,"showParticleSystems":true},"in2DMode":false,"pivot":{"x":80.32107543945313,"y":66.42417907714844,"z":2.299999952316284},"rotation":{"x":0.11798731982707977,"y":0.09516716003417969,"z":-0.01136357244104147,"w":0.9883987903594971},"size":956.5686645507813,"orthographic":false}