{"cameraMode":{"drawMode":0,"name":"Shaded","section":"Shading Mode"},"sceneLighting":false,"audioPlay":false,"sceneViewState":{"showFog":false,"showMaterialUpdate":true,"showSkybox":true,"showFlares":true,"showImageEffects":true,"showParticleSystems":true},"in2DMode":false,"pivot":{"x":170.81668090820313,"y":34.52009582519531,"z":-22.34857177734375},"rotation":{"x":-0.04492232948541641,"y":0.16972126066684724,"z":-0.007752144243568182,"w":-0.9844569563865662},"size":357.681640625,"orthographic":false}