{"cameraMode":{"drawMode":0,"name":"Shaded","section":"Shading Mode"},"sceneLighting":false,"audioPlay":false,"sceneViewState":{"showFog":false,"showMaterialUpdate":true,"showSkybox":true,"showFlares":true,"showImageEffects":true,"showParticleSystems":true},"in2DMode":false,"pivot":{"x":417.1189270019531,"y":130.9434051513672,"z":161.69224548339845},"rotation":{"x":0.37130075693130495,"y":-0.5890492796897888,"z":0.34894445538520815,"w":0.6273267865180969},"size":24.22795867919922,"orthographic":false}