{"cameraMode":{"drawMode":0,"name":"Shaded","section":"Shading Mode"},"sceneLighting":false,"audioPlay":false,"sceneViewState":{"showFog":false,"showMaterialUpdate":true,"showSkybox":false,"showFlares":true,"showImageEffects":true,"showParticleSystems":true},"in2DMode":false,"pivot":{"x":-2.5179810523986818,"y":0.7182853817939758,"z":0.9659701585769653},"rotation":{"x":-0.5373368859291077,"y":-0.44727832078933718,"z":0.4093987047672272,"w":-0.5863243341445923},"size":1.9861117601394654,"orthographic":false}