{"cameraMode":{"drawMode":0,"name":"Shaded","section":"Shading Mode"},"sceneLighting":false,"audioPlay":false,"sceneViewState":{"showFog":false,"showMaterialUpdate":true,"showSkybox":true,"showFlares":true,"showImageEffects":true,"showParticleSystems":true},"in2DMode":false,"pivot":{"x":246.77456665039063,"y":-27.86886215209961,"z":-337.7661437988281},"rotation":{"x":-0.017137235030531884,"y":0.9108250141143799,"z":-0.41069087386131289,"w":-0.03800685703754425},"size":43.391910552978519,"orthographic":false}