{"cameraMode":{"drawMode":0,"name":"Shaded","section":"Shading Mode"},"sceneLighting":false,"audioPlay":false,"sceneViewState":{"showFog":false,"showMaterialUpdate":true,"showSkybox":true,"showFlares":true,"showImageEffects":true,"showParticleSystems":true},"in2DMode":false,"pivot":{"x":227.29965209960938,"y":-98.23332214355469,"z":-143.44921875},"rotation":{"x":0.20918801426887513,"y":-0.18789027631282807,"z":0.040991734713315967,"w":0.9587998390197754},"size":270.13226318359377,"orthographic":false}