{"cameraMode":{"drawMode":0,"name":"Shaded","section":"Shading Mode"},"sceneLighting":false,"audioPlay":false,"sceneViewState":{"showFog":false,"showMaterialUpdate":true,"showSkybox":true,"showFlares":true,"showImageEffects":true,"showParticleSystems":true},"in2DMode":false,"pivot":{"x":532.9041137695313,"y":240.81195068359376,"z":-158.1634979248047},"rotation":{"x":-0.15722477436065675,"y":0.1435813307762146,"z":-0.0232707429677248,"w":-0.9768676161766052},"size":27.134729385375978,"orthographic":false}