{"cameraMode":{"drawMode":0,"name":"Shaded","section":"Shading Mode"},"sceneLighting":false,"audioPlay":false,"sceneViewState":{"showFog":false,"showMaterialUpdate":true,"showSkybox":true,"showFlares":true,"showImageEffects":true,"showParticleSystems":true},"in2DMode":false,"pivot":{"x":368.7105407714844,"y":220.56764221191407,"z":-35.68878173828125},"rotation":{"x":0.10984455049037934,"y":0.027929380536079408,"z":-0.0030057753901928665,"w":0.993611752986908},"size":555.963134765625,"orthographic":false}