{"cameraMode":{"drawMode":0,"name":"Shaded","section":"Shading Mode"},"sceneLighting":false,"audioPlay":false,"sceneViewState":{"showFog":false,"showMaterialUpdate":true,"showSkybox":false,"showFlares":true,"showImageEffects":true,"showParticleSystems":true},"in2DMode":false,"pivot":{"x":0.3528609871864319,"y":0.8323928713798523,"z":0.11483067274093628},"rotation":{"x":-0.23058973252773286,"y":-0.6400805711746216,"z":0.2099311649799347,"w":-0.7022817134857178},"size":0.028618574142456056,"orthographic":false}