{"cameraMode":{"drawMode":0,"name":"Shaded","section":"Shading Mode"},"sceneLighting":false,"audioPlay":false,"sceneViewState":{"showFog":false,"showMaterialUpdate":true,"showSkybox":false,"showFlares":true,"showImageEffects":true,"showParticleSystems":true},"in2DMode":false,"pivot":{"x":-0.0572279691696167,"y":0.02053704857826233,"z":-0.10078597068786621},"rotation":{"x":-0.03595368564128876,"y":0.9638360738754273,"z":-0.1759893298149109,"w":-0.19695983827114106},"size":3.5169363021850588,"orthographic":false}