{"cameraMode":{"drawMode":0,"name":"Shaded","section":"Shading Mode"},"sceneLighting":true,"audioPlay":false,"sceneViewState":{"showFog":true,"showMaterialUpdate":false,"showSkybox":true,"showFlares":true,"showImageEffects":true,"showParticleSystems":true},"in2DMode":false,"pivot":{"x":177.46536254882813,"y":347.48626708984377,"z":-84.71420288085938},"rotation":{"x":-0.004496186040341854,"y":0.9914030432701111,"z":-0.12589380145072938,"w":-0.03540719673037529},"size":2242.142822265625,"orthographic":false}