{"cameraMode":{"drawMode":0,"name":"Shaded","section":"Shading Mode"},"sceneLighting":false,"audioPlay":false,"sceneViewState":{"showFog":false,"showMaterialUpdate":true,"showSkybox":false,"showFlares":true,"showImageEffects":true,"showParticleSystems":true},"in2DMode":false,"pivot":{"x":1.7881393432617188e-7,"y":0.925035834312439,"z":0.05089416354894638},"rotation":{"x":0.14208175241947175,"y":-0.16525672376155854,"z":0.024060919880867006,"w":0.9757174849510193},"size":4.314043998718262,"orthographic":false}